0f9d2b,2020-11-23,,りんご
9a6854,,2020-11-08,タスク
a9c6b1,,2020-11-08,tasuas
03231e,,,タスク
c9bf41,,2020-11-08,タスク
ea79a8,2020-11-08,,タスク
87a7d3,2020-11-04,,タスク
9d1a04,,,タスク
76b5a3,,2020-11-08,タスク
43604d,,,タスク
6eb96f,,2020-11-08,タスク
6f5126,2020-11-08,,タスク
2f66b3,,,タスク
b654cc,,2020-11-08,タスク
33ba5f,2020-11-08,,タスク
2b7252,,,タスク
028ee4,,2020-11-08,タスク
ae051b,2020-11-08,,タスク
577c16,2020-11-04,,タスク
4facd0,,,タスク
e064f0,,2020-11-08,タスク
0f52e9,,,タスク
84e5d5,,,タスク
7e3b0c,,2020-11-09,タスク
72b9e8,,,タスク
0b3fd8,,2020-11-09,タスク
d30082,,,タスク
b248f7,,2020-11-09,タスク
ca3b9a,2020-11-09,,タスク
f7591b,2020-11-04,,タスク
356056,,,タスク
991711,,2020-11-09,タスク
aa1d0c,,,タスク
1fb614,,2020-11-09,タスク
b6da75,2020-11-09,,タスク
da48b2,2020-11-04,,タスク
11dfb5,,,タスク
a760ac,,2020-11-09,タスク
83f4c1,,,あああ
